"conversation_id_str","created_at","favorite_count","full_text","id_str","image_url","in_reply_to_screen_name","lang","location","quote_count","reply_count","retweet_count","tweet_url","user_id_str","username"
"1877142185847501243","Wed Jan 08 23:55:47 +0000 2025","0","Ngapain gak percaya diri? Liat noh Patrick Kluivert pede aja jadi coach Indonesia dg gaji gede padahal track record melatih gak jelas dan track record judinya jelas-jelas ancur.","1877142185847501243","","","in","Central Java, Indonesia","0","0","0","https://x.com/KarimDeMadrid/status/1877142185847501243","1626798485801689088","KarimDeMadrid"
"1877141974974595528","Wed Jan 08 23:54:57 +0000 2025","0","Patrick Kluivert Resmi Gantikan Shin Tae-yong sebagai Pelatih Timnas Indonesia https://t.co/3K0ZZWskWx","1877141974974595528","","","in","West Java, Indonesia","0","0","0","https://x.com/PRMNMataBandung/status/1877141974974595528","158297951","PRMNMataBandung"
"1877141530722357422","Wed Jan 08 23:53:11 +0000 2025","0","Media Belanda Ungkap Mantan Pemain Belanda Alex Pastoor Akan Dampingi Patrick Kluivert di Timnas Indonesia https://t.co/3xtx2QS0Wz","1877141530722357422","","","in","West Java, Indonesia","0","0","0","https://x.com/PRMNMataBandung/status/1877141530722357422","158297951","PRMNMataBandung"
"1877141225620275470","Wed Jan 08 23:51:58 +0000 2025","1","Patrick Kluivert Bicara soal Target Timnas dan Dukungan Penggemar https://t.co/ZG9gemW6rT","1877141225620275470","","","in","Jakarta","0","0","1","https://x.com/BloombergTZ/status/1877141225620275470","1582972008479920129","BloombergTZ"
"1877140903082471806","Wed Jan 08 23:50:41 +0000 2025","0","Nama Patrick Kluivert Paling Santer Jadi Pengganti Shin Tae-yong https://t.co/WnMLHpp6HI","1877140903082471806","","","in","West Java, Indonesia","0","0","0","https://x.com/PRMNMataBandung/status/1877140903082471806","158297951","PRMNMataBandung"
"1877140639533436995","Wed Jan 08 23:49:38 +0000 2025","3","PSSI resmi mengumumkan Patrick Kluivert jadi pelatih Timnas Indonesia. Mengagetkannya ramai meme #KluivertOut di media sosial menyambut pengumuman ini. https://t.co/4skTCiw0No","1877140639533436995","","","in","Jakarta, Indonesia","0","0","2","https://x.com/detikinet/status/1877140639533436995","135815019","detikinet"
"1877140370313658530","Wed Jan 08 23:48:34 +0000 2025","0","Hanya berharap Patrick Kluivert bisa menerapkan mentalitas atau pendekatan a la Dan Campbell yang saat ini ngecoach Detroit Lions dah. Kalo iya ada lah harapan buat kita.","1877140370313658530","","","in","Earth","0","0","0","https://x.com/dokterforamen/status/1877140370313658530","2733111170","dokterforamen"
"1877139558325682632","Wed Jan 08 23:45:20 +0000 2025","0","Pas masih main semua lebih suka Dennis Bergkamp daripada Patrick Kluivert.","1877139558325682632","","","in","","0","0","0","https://x.com/pilihlahir/status/1877139558325682632","1622643347449069568","pilihlahir"
"1877137940972712225","Wed Jan 08 23:38:55 +0000 2025","18","Netizen galak2 banget sama Patrick Kluivert yak? Tapi nanti pas ketemu minta foto bareng juga. Iya nga sih?","1877137940972712225","","","in","Indonesia ","1","5","3","https://x.com/panca66/status/1877137940972712225","82042655","panca66"
"1877135593140064663","Wed Jan 08 23:29:35 +0000 2025","0","Video: Menanti Nasib Timnas Indonesia di Tangan Patrick Kluivert https://t.co/FEVvtPonkj","1877135593140064663","","","in","JKT-INA","0","0","0","https://x.com/20detik/status/1877135593140064663","598959076","20detik"
"1876613358033723807","Wed Jan 08 23:27:44 +0000 2025","0","@aingriwehuy Klu patrick kluivert gagal dlm pertandingan pertama saja .. Sdh pasti tak kompeten jd pelatih timnas. Tak ada lg alasan masih penjajakan ato masih sosialisasi.","1877135128163504363","","aingriwehuy","in","Ampel Denta Suroboyo East Java","0","0","0","https://x.com/alleySych/status/1877135128163504363","856675823318781952","alleySych"
"1877133814943678601","Wed Jan 08 23:22:31 +0000 2025","2"," BREAKING NEWS PSSI resmi berpisah dengan Shin Tae-yong sebagai pelatih Timnas Indonesia. Sebagai pengganti Patrick Kluivert yang punya pengalaman besar di Eropa. Bisa kah Kluivert membawa Indonesia ke level selanjutnya? #TimnasIndonesia #PatrickKluivert #ShinTaeYong https://t.co/GzKAGUWsSK","1877133814943678601","https://pbs.twimg.com/media/GgzrLhraQAEwxfQ.jpg","","in","Malang","0","0","0","https://x.com/nugasking/status/1877133814943678601","1846903891159666692","nugasking"
"1877133188952207548","Wed Jan 08 23:20:02 +0000 2025","0","Patrick Kluivert akan datang ke Indonesia untuk mengemban tugas baru sebagai pelatih timnas Indonesia. Ini jadwal dan debut sang legenda. https://t.co/3ptZQ7g6qT","1877133188952207548","","","in","Madiun","0","0","0","https://x.com/radarmadiunweb/status/1877133188952207548","1404018642","radarmadiunweb"
"1877131622652457117","Wed Jan 08 23:13:48 +0000 2025","0","Patrick Kluivert Resmi jadi Pelatih Timnas Indonesia Kirim Pesan Khusus untuk Shin Tae-yong https://t.co/CNiK0hpdfW","1877131622652457117","","","in","Kota Bontang, Kalimantan Timur","0","0","0","https://x.com/pranaladotco/status/1877131622652457117","1256110480994656256","pranaladotco"
"1877131085550702953","Wed Jan 08 23:11:40 +0000 2025","1","Kok feeling gue timnas di tangan Patrick kluivert lebih baik ya di banding sty","1877131085550702953","","","in","indonesia","0","0","0","https://x.com/RKinayung/status/1877131085550702953","1366393016","RKinayung"
"1877130449174016238","Wed Jan 08 23:09:09 +0000 2025","1","Oke lah Patrick Kluivert boleh punya 1 UCL tapi apakah dia punya 2 handphone?","1877130449174016238","","","in","","0","0","0","https://x.com/erdehawinn/status/1877130449174016238","1643867222744633344","erdehawinn"
"1877130192319066302","Wed Jan 08 23:08:07 +0000 2025","1","Patrick Kluivert Resmi Jadi Pelatih Timnas Indonesia Pengganti Shin Tae-yong https://t.co/Or0wusPHap","1877130192319066302","","","in","Padang","0","0","0","https://x.com/CelahSumbar/status/1877130192319066302","1655524487646048256","CelahSumbar"
"1876932247732867072","Wed Jan 08 23:02:42 +0000 2025","0","@FabrizioRomano Welcome patrick kluivert Semoga bisa membawa timnas Indonesia tembus piala dunia 2026","1877128829057077616","","FabrizioRomano","in","prindavan","0","0","0","https://x.com/sandaljepitt___/status/1877128829057077616","932503440474832896","sandaljepitt___"
"1877128338206052702","Wed Jan 08 23:00:45 +0000 2025","0","Buat kalian yang Pro terhadap Pemecatan STY jangan kaget ya kalau tiba2 patrick kluivert melarang pemain Timnas Indonesia yang beragama Muslim untuk puasa dengan alasan apapun!!","1877128338206052702","","","in","Yogyakarta, Indonesia","0","0","0","https://x.com/FarhanFerdian8/status/1877128338206052702","1161310301096009728","FarhanFerdian8"
"1877128331079881155","Wed Jan 08 23:00:44 +0000 2025","0","Prediksi Starting XI Timnas Indonesia Vs Australia Pilihan Patrick Kluivert: Skuad Garuda Ofensif https://t.co/zYH5t8IvxS","1877128331079881155","","","in","iNews Tower","0","0","0","https://x.com/officialinews_/status/1877128331079881155","132078023","officialinews_"
"1877127718434713989","Wed Jan 08 22:58:18 +0000 2025","1","Inilah caranya agar Patrick Kluivert didukung penuh para pecinta bola di Indonesia. https://t.co/N7M3nEIE1T https://t.co/Iq6dOWai6O","1877127718434713989","https://pbs.twimg.com/media/GgzlmafaMAET9o2.jpg","","in","Jakarta","0","0","0","https://x.com/idingrhasan1/status/1877127718434713989","207763653","idingrhasan1"
"1877127402209366463","Wed Jan 08 22:57:02 +0000 2025","11","Patrick Kluivert Habiskan Rp40 M untuk Judi Cuma Menang Rp 252 Juta https://t.co/LNRFYSPsSY","1877127402209366463","","","in","","0","0","14","https://x.com/OposisiCerdas/status/1877127402209366463","887743587579944960","OposisiCerdas"
"1877125839910821891","Wed Jan 08 22:50:50 +0000 2025","208","Kalo JEBREEETeam gimana nih dari skor 1-10 berapa tingkat kepercayaan kalian kepada Patrick Kluivert yang baru aja diumumin sebagai pelatih Timnas Indonesia ðŸ‡®ðŸ‡©? https://t.co/0DmRcrYBz6","1877125839910821891","https://pbs.twimg.com/amplify_video_thumb/1877125349127127040/img/ni86-28iS1Ar2bXk.jpg","","in","","4","83","21","https://x.com/jebreeetmedia/status/1877125839910821891","1264093518357598208","jebreeetmedia"
"1877124550174851175","Wed Jan 08 22:45:42 +0000 2025","0","Patrick Kluivert Buka Suara Usai Ditunjuk Jadi Pelatih Timnas Indonesia https://t.co/5opDqiApHp","1877124550174851175","","","in","Jakarta","0","0","0","https://x.com/dialek_id/status/1877124550174851175","1530101585434791936","dialek_id"
"1876979212378427544","Wed Jan 08 22:41:47 +0000 2025","0","@gilabola_ina Ya elah Patrick Kluivert klo lu minta no 3 4 ngapain lu gantiin STY ..itu target mudahnya STY cuy...sama aja lu gak kerja 2 away 2 home...hadeuh...Erick ngapain buang2 duit PHK STY gantinya Target nya cuma 3 4...payah lu","1877123564987396472","","gilabola_ina","in","","0","1","0","https://x.com/Tuanradjo/status/1877123564987396472","1032770898","Tuanradjo"
"1877123557504979448","Wed Jan 08 22:41:46 +0000 2025","0","Komisi X DPR bakal panggil PSSI dan Menpora terkait polemik pergantian pelatih timnas. Banyak yang bakal ditanyakan termasuk sisi lain pelatih baru dan calon asistennya. Patrick Kluivert sendiri sudah resmi diperkenalkan sebagai pengganti STY. Selengkapnya baca Jawa Pos edisi https://t.co/0htguqLzIS","1877123557504979448","https://pbs.twimg.com/media/Ggzh7C2aMAABLvC.jpg","","in","Jakarta","1","0","0","https://x.com/jawapos/status/1877123557504979448","2392460208","jawapos"
"1876899237977616480","Wed Jan 08 22:40:13 +0000 2025","0","@idextratime Selamat patrick kluivert semoga bisa membawa timnas Indonesia bisa lebih baik lagi dan membawa timnas Indonesia lolos ke piala dunia 2026 Amiin","1877123168734683474","","idextratime","in","","0","0","0","https://x.com/BskDdy/status/1877123168734683474","1566055676119379969","BskDdy"
"1877122926446571528","Wed Jan 08 22:39:15 +0000 2025","1","Tugas Berat Patrick Kluivert Keputusan memecat Shin Tae-yong dan menunjuk Patrick Kluivert sebagai pelatih timnas menjadi pertaruhan besar bagi PSSI. Kluivert menghadapi tugas berat. Baca Kompas https://t.co/iFl95NWuc1 @hariankompas","1877122926446571528","","","in","","0","0","0","https://x.com/tatisamhadi/status/1877122926446571528","1445984430258982913","tatisamhadi"
"1877122667033063453","Wed Jan 08 22:38:13 +0000 2025","13","Duh! Patrick Kluivert Dituding Punya Koneksi dengan Pencuri Lukisan Van Gogh https://t.co/MnWeAz6IIQ","1877122667033063453","","","in","","0","0","14","https://x.com/OposisiCerdas/status/1877122667033063453","887743587579944960","OposisiCerdas"
"1876991115997434191","Wed Jan 08 22:37:39 +0000 2025","0","@svcehn @Ardsyrz @_alexiaaaa1_ @idextratime Iya sih lebih ke Patrick Kluivert sekarang akan melatih mana bukan Indonesia akan dilatih siapa","1877122523503919458","","svcehn","in","Yogyakarta, Indonesia","0","0","0","https://x.com/haniekaz/status/1877122523503919458","1648891074","haniekaz"
"1876978208886911015","Wed Jan 08 22:36:53 +0000 2025","1","@KangPra57296137 @KinkinAsikin1 @SiaranBolaLive Logikanya kalo Patrick Kluivert Pelatih mumpuni gk mungkin skarang jdi Pelatih nganggur tanpa club lha wong Club2 di negaranya sendiri gk ada yg melirik meskipun Club' level 2 Belanda gk ada yg minat Krn sdh tahu kelakuannya Indonesia aja yg tolol mau ambil pelatih nganggur","1877122331547480543","","KangPra57296137","in","Malang","0","1","0","https://x.com/KangMas2012/status/1877122331547480543","710064727","KangMas2012"
"1876979212378427544","Wed Jan 08 22:32:17 +0000 2025","0","@gilabola_ina Mantap nih Patrick Kluivert semoga bisa bawa Timnas Indonesia ke Piala Dunia 2026!","1877121173953105988","","gilabola_ina","in","Jateng","0","0","0","https://x.com/laratalita9e51/status/1877121173953105988","786236461855174656","laratalita9e51"
"1877119028486922330","Wed Jan 08 22:23:46 +0000 2025","0","Mees Hilgers Tak Sabar Bertemu Patrick Kluivert | https://t.co/NeTtcKx8Pk https://t.co/e2TUNBmB4A","1877119028486922330","","","in","","0","0","0","https://x.com/kristariyanto68/status/1877119028486922330","1482523214538747904","kristariyanto68"
"1876977518739099808","Wed Jan 08 22:13:49 +0000 2025","0","@LaGrandeIndo @PatrickKluivert Orang yang ngetawain &amp; ngejokes tentang Patrick Kluivert mungkin dia belum ketemu langsung. Sebaik dan sehumble itu dia sama orang baru salah satunya gw. Gw yg awalnya ga kenal sekarang malah jadi temen. Semua yang udah ketemu dia juga pasti setuju sama pendapat gw","1877116526886633737","","LaGrandeIndo","in","","0","4","0","https://x.com/wiryosss/status/1877116526886633737","330164658","wiryosss"
"1877116044742910406","Wed Jan 08 22:11:54 +0000 2025","0","Pengamat sepak bola Mohamad Kusnaeni atau yang kerap disapa Bung Kus mengatakan rekam jejak Patrick Kluivert sebagai pelatih kalah jauh jika dibandingkan dengan Shin Tae-yong. https://t.co/NZqdK75w7N","1877116044742910406","","","in","Jakarta - Indonesia","0","0","0","https://x.com/mediaindonesia/status/1877116044742910406","68930552","mediaindonesia"
"1877115419938451612","Wed Jan 08 22:09:25 +0000 2025","0","Mulai sekarang gue dan seluruh supporter Timnas Indonesia akan mendukung penuh Patrick Kluivert sebagai pelatih kepala. Namun kami tidak lagi percaya proses. Tidak lolos Piala Dunia 2026 = langsung pecat","1877115419938451612","","","in","","0","0","0","https://x.com/thekikukboy/status/1877115419938451612","840518002835562498","thekikukboy"
"1877115063204491616","Wed Jan 08 22:08:00 +0000 2025","0","Selamat datang Patrick Kluivert.","1877115063204491616","","","in","Bawah Tanah","0","0","0","https://x.com/dickapurnama98/status/1877115063204491616","1118477588303716352","dickapurnama98"
"1877114746563940462","Wed Jan 08 22:06:45 +0000 2025","0","PSSI Resmi Kontrak Pelatih Timnas Indonesia Patrick Kluivert 2 Tahun https://t.co/TLu55kaTsL lewat @Koran Bogor","1877114746563940462","","","in","Jawa Barat -Indonesia.","0","0","0","https://x.com/martinusnussah/status/1877114746563940462","97858954","martinusnussah"
"1877114540757844354","Wed Jan 08 22:05:56 +0000 2025","0","Dengan Dukungan Segenap Warga Indonesia Patrick Kluivert Pede Bisa Bawa Timnas Indonesia ke Piala Dunia 2026 https://t.co/b9T2g52g7v","1877114540757844354","","","in","","0","0","0","https://x.com/pria4d/status/1877114540757844354","1383313898506309632","pria4d"
"1877114270439108727","Wed Jan 08 22:04:51 +0000 2025","0","Pelatih Timnas Indonesia 2025: Sepak Terjang dan Profil Patrick Kluivert https://t.co/dPOioJ0zUA #pelatihtimnas #timnasIndonesia #pelatihtimnas2025 #PatrickKluivert #PatrickKluivertOut #sepakbola #sepakbolaIndonesia #ligaindonesia #PSSI #timnaspsssi #Indonesia","1877114270439108727","","","in","INDONESIA","0","0","1","https://x.com/5_blogger89642/status/1877114270439108727","1864214931421450240","5_blogger89642"
"1877113048042975645","Wed Jan 08 22:00:00 +0000 2025","1","Patrick Kluivert:Â Suporter adalah bagian penting timnas Indonesia https://t.co/TdqDSJwMzn","1877113048042975645","","","in","","0","0","0","https://x.com/RadioElshinta/status/1877113048042975645","121640063","RadioElshinta"
"1877111870198292853","Wed Jan 08 21:55:19 +0000 2025","1","Pernyataan Patrick Kluivert tak Mudah Loloskan Indonesia ke Piala Dunia Pembuktian Lawan Australia https://t.co/8ghqZjiQws lewat @tribunnews ","1877111870198292853","","","in","","0","0","0","https://x.com/33fd17e2faec422/status/1877111870198292853","3273171655","33fd17e2faec422"
"1877111524650594630","Wed Jan 08 21:53:57 +0000 2025","0","Pernyataan Patrick Kluivert tak Mudah Loloskan Indonesia ke Piala Dunia Pembuktian Lawan Australia https://t.co/8ghqZjiQws lewat @tribunnews","1877111524650594630","","","in","","0","0","0","https://x.com/33fd17e2faec422/status/1877111524650594630","3273171655","33fd17e2faec422"
"1877111003214671901","Wed Jan 08 21:51:52 +0000 2025","0","Pernyataan Patrick Kluivert tak Mudah Loloskan Indonesia ke Piala Dunia Pembuktian Lawan Australia https://t.co/8ghqZjiQws lewat @tribunnews ","1877111003214671901","","","in","","0","0","0","https://x.com/33fd17e2faec422/status/1877111003214671901","3273171655","33fd17e2faec422"
"1877110997682630818","Wed Jan 08 21:51:51 +0000 2025","0","Era baru Timnas Indonesia dimulai! Dengan Patrick Kluivert sebagai pelatih kepala dan didampingi Alex Pastoor serta Denny Landzaat harapan kita untuk lolos ke Piala Dunia 2026 semakin besar. Mampukah mereka membawa Indonesia meraih peringkat 2 di ronde 3 kualifikasi zona Asia? https://t.co/xk6LcYncVY","1877110997682630818","https://pbs.twimg.com/media/GgzWU-CaMAEVLmB.jpg","","in","","0","0","0","https://x.com/ndristic/status/1877110997682630818","1473532082575925249","ndristic"
"1876979174239350954","Wed Jan 08 21:28:15 +0000 2025","1","@aingriwehuy Mari pergi bersama Patrick kluivert ke Piala dunia ðŸ‡®ðŸ‡©","1877105057381978201","","alexand66298416","in","","0","0","1","https://x.com/alexand66298416/status/1877105057381978201","1636511635904012289","alexand66298416"
"1877101962828640593","Wed Jan 08 21:15:57 +0000 2025","0","Pernyataan Patrick Kluivert tak Mudah Loloskan Indonesia ke Piala Dunia Pembuktian Lawan Australia https://t.co/lJrzuHN7Wl via @tribunmedan","1877101962828640593","","","in","Medan, Indonesia","0","0","0","https://x.com/tribunmedan/status/1877101962828640593","142305302","tribunmedan"
"1877091165767455143","Wed Jan 08 20:33:03 +0000 2025","0","Patrick Kluivert diperkenalkan sebagai pelatih baru Timnas Indonesia. Netizen malah salfok sama isi videonya. https://t.co/hEbAZFnNBS","1877091165767455143","","","in","Jakarta, Indonesia","0","0","0","https://x.com/detikinet/status/1877091165767455143","135815019","detikinet"
"1876909352575004683","Wed Jan 08 20:26:46 +0000 2025","0","@yaelahdre @PSSI Belum apa2 udah koar2 out. Diam aja dulu tenang liat proses. Gitu aja kok susah jadilah netizen yang cerdas. Diam saja sudah pantau aja dulu prosesnya. Nanti kalo ternyata Patrick Kluivert beneran gacor nah baru pada diam seribu bahasa.","1877089584632209597","","yaelahdre","in","","0","0","0","https://x.com/JerShalom37163/status/1877089584632209597","1825830651632943104","JerShalom37163"
"1876909352575004683","Wed Jan 08 20:23:11 +0000 2025","0","@coksinthesky @InggitB80952 @yaelahdre @PSSI Gak usah banyak bicara liat saja perkembangan timnas nanti setelah dilatih Patrick Kluivert. Lebih baik diam dan amati proses demi proses.","1877088685755146268","","coksinthesky","in","","0","2","0","https://x.com/JerShalom37163/status/1877088685755146268","1825830651632943104","JerShalom37163"
"1877088607015477694","Wed Jan 08 20:22:53 +0000 2025","0","Australia vs Indonesia Ancaman bagi Patrick Kluivert Bersama STY Timnas Mampu Tahan Socceroos https://t.co/i5m1lX94LK via @tribunmedan","1877088607015477694","","","in","Medan, Indonesia","0","0","0","https://x.com/tribunmedan/status/1877088607015477694","142305302","tribunmedan"
"1876908225880285264","Wed Jan 08 20:09:03 +0000 2025","0","@TimnasIndonesia Track record Patrick Kluivert dan penjelasan Erick Thohir mengenai pemecatan STY https://t.co/5VRlAOcuy1","1877085129073369329","","TimnasIndonesia","in","Yogyakarta, Indonesia","0","0","0","https://x.com/bakuledegan/status/1877085129073369329","516792205","bakuledegan"
"1876912990491984346","Wed Jan 08 19:59:29 +0000 2025","0","@unmagnetism Patrick Kluivert : Ga mau proses maunya langsung judi ","1877082717520580823","","unmagnetism","in","","0","0","0","https://x.com/shetteredzx/status/1877082717520580823","1855631340412264448","shetteredzx"
"1876908225880285264","Wed Jan 08 19:26:14 +0000 2025","0","@MasRhaja @TimnasIndonesia @PSSI @erickthohir Kasi bukti vonis bersalah patrick kluivert. Kirim ke PSSI. Kalau lu cuma nampilin cuplikan media doang lu cuma nyebar hoax babi.","1877074352052511218","","MasRhaja","in","","0","1","0","https://x.com/dombaAllah78/status/1877074352052511218","1752649122455465984","dombaAllah78"
"1876831154608705732","Wed Jan 08 19:18:25 +0000 2025","15","@wepe20_ @PSSI Ketum PSSI: Target Piala Dunia 2026 Exco (AS): Target Piala Dunia 2030 Patrick Kluivert: Target Piala Dunia 2026 Bahkan masih ada yg belain PSSI lho ","1877072385381159083","","wepe20_","in","Jakarta Capital Region, Indone","1","0","2","https://x.com/txtdrjohn/status/1877072385381159083","1630117613690036224","txtdrjohn"
"1877001449961357440","Wed Jan 08 19:15:52 +0000 2025","8","@UpdateBolabola Ketum PSSI: Target Piala Dunia 2026 Exco (AS): Target Piala Dunia 2030 Patrick Kluivert: Target Piala Dunia 2026 Eh gaes ini serius masih ada yg belain PSSI sama Exco? ","1877071740997681156","","UpdateBolabola","in","Jakarta Capital Region, Indone","0","0","0","https://x.com/txtdrjohn/status/1877071740997681156","1630117613690036224","txtdrjohn"
"1877070833119629318","Wed Jan 08 19:12:15 +0000 2025","1","Siap2 Patrick Kluivert joget Shopee atau gk Akting Kopi Luwak","1877070833119629318","","","in","Bikini Bottom","0","0","0","https://x.com/imover13_/status/1877070833119629318","1069532356581580800","imover13_"
"1877070433356308529","Wed Jan 08 19:10:40 +0000 2025","0","Keputusan memecat Shin Tae-yong dan menunjuk Patrick Kluivert sebagai pelatih timnas menjadi pertaruhan besar bagi PSSI. Kluivert menghadapi tugas berat. #Opini #AdadiKompas https://t.co/ZkFLbfhy57","1877070433356308529","","","in","Palmerah, Jakarta","0","0","0","https://x.com/KompasData/status/1877070433356308529","771030588","KompasData"
"1877008718292029841","Wed Jan 08 19:09:58 +0000 2025","0","@SiaranBolaLive ya karna Patrick Kluivert bs dibilang salah satu pemain legend eropa dan karna tau pasar indo rame makannya sekalian cari engagement. Simpel sih","1877070260177682651","","SiaranBolaLive","in","Jakarta Capital Region","0","0","0","https://x.com/supperince/status/1877070260177682651","1693392847695962112","supperince"
"1877069760095027319","Wed Jan 08 19:07:59 +0000 2025","0","Keputusan memecat Shin Tae-yong dan menunjuk Patrick Kluivert sebagai pelatih timnas menjadi pertaruhan besar bagi PSSI. Kluivert menghadapi tugas berat. #Opini #AdadiKompas https://t.co/3pd1PngM6s","1877069760095027319","","","in","Palmerah, Jakarta","0","0","0","https://x.com/hariankompas/status/1877069760095027319","255866913","hariankompas"
"1877066132886008139","Wed Jan 08 18:53:34 +0000 2025","0","Ga sabaran mau nonton Timnas Indonesia ditangan pelatih baru gimana!! Timnas PSSI Bahrain Taktik Gila Patrick Kluivert Saat Melatih! 184 Goal hanya 80 Pertandinga... https://t.co/tyDmj9uTrQ","1877066132886008139","","","in","US","0","0","0","https://x.com/vogueca_/status/1877066132886008139","1781980538930343937","vogueca_"
"1877027503946051683","Wed Jan 08 18:52:54 +0000 2025","4","@aingriwehuy Kagumnya dari mana?? Orang itu cuma berita: Patrick Kluivert adalah pelatih baru timnas Indonesia.","1877065962735763512","","aingriwehuy","in","larantuka","0","0","0","https://x.com/azkafii/status/1877065962735763512","164763057","azkafii"
"1877064158950126008","Wed Jan 08 18:45:44 +0000 2025","1","Dilansir ESPN. Setelah pemecatan Shin Tae-Yong legenda timnas belanda yaitu Patrick Kluivert diumumkan PSSI sebagai pelatih baru timnas Indonesia #Timnas #PSSI #PatrickKluivert #ESPN https://t.co/v01IbLKGL7","1877064158950126008","https://pbs.twimg.com/media/Ggyr56tbMAAOaFL.jpg","","in","Kota Palembang, Sumatera Selat","0","0","0","https://x.com/Hock3y08/status/1877064158950126008","1745725517180084224","Hock3y08"
"1877063755873259685","Wed Jan 08 18:44:08 +0000 2025","0","Gantikan Shin Tae-yong Patrick Kluivert Didapuk Sebagai Pelatih Timnas Indonesia https://t.co/LBbXhIvhgL","1877063755873259685","","","in","Cikarang Utara - Bekasi","0","0","0","https://x.com/_beritacikarang/status/1877063755873259685","488963859","_beritacikarang"
"1877040475988758838","Wed Jan 08 18:35:12 +0000 2025","1","@el_bapa @ftblindonesia gw lebih penasaran sama asisten pelatih nya sih si alex pastoor dari pada patrick Kluivert itu sendiri ","1877061509282410811","","el_bapa","in","Kota Padang, Sumatera Barat","0","0","0","https://x.com/Andhika17052010/status/1877061509282410811","1477641304767025155","Andhika17052010"
"1877027503946051683","Wed Jan 08 18:26:19 +0000 2025","144","@aingriwehuy Orang yang ngetawain &amp; ngejokes tentang Patrick Kluivert mungkin dia belum ketemu langsung. Sebaik dan sehumble itu dia sama orang baru salah satunya gw. Gw yg awalnya ga kenal sekarang malah jadi temen. Semua yang udah ketemu dia juga pasti setuju sama pendapat gw","1877059272204329429","","aingriwehuy","in","","7","95","11","https://x.com/MuhamadSubki15/status/1877059272204329429","1350706038354309121","MuhamadSubki15"
"1877008718292029841","Wed Jan 08 18:02:19 +0000 2025","0","@SiaranBolaLive @kimsamsul77 Patrick Kluivert di hormati pemain dan pelatih profesional di Eropa sebagai legenda Belanda dan barcelona.","1877053232121307461","","SiaranBolaLive","in","","0","0","0","https://x.com/Thieryaryadi/status/1877053232121307461","2372879725","Thieryaryadi"
"1877052795020271978","Wed Jan 08 18:00:34 +0000 2025","0","Patrick Kluivert jadi Pelatih Timnas Indonesia Bung Kus Berkomentar Begini https://t.co/xLJtnHb5C8","1877052795020271978","","","in","Indonesia","0","0","0","https://x.com/MSNindonesia/status/1877052795020271978","262026799","MSNindonesia"
"1877052665013883123","Wed Jan 08 18:00:03 +0000 2025","0","Resmi Latih Timnas Indonesia Patrick Kluivert Dikontrak Dua Tahun https://t.co/shwEyXL0lE","1877052665013883123","","","in","Makassar","0","0","0","https://x.com/SINDOmakassar/status/1877052665013883123","3467685613","SINDOmakassar"
"1877043378694619641","Wed Jan 08 17:23:09 +0000 2025","0","Latih Timnas Indonesia Patrick Kluivert Butuh Dukungan Suporter https://t.co/MpTznIs8Yu https://t.co/xlkQIrKxin","1877043378694619641","https://pbs.twimg.com/media/GgyZAWxXsAAjYTK.jpg","","in","Yogyakarta, Indonesia","0","0","0","https://x.com/Harian_Jogja/status/1877043378694619641","118371948","Harian_Jogja"
"1877043224063234499","Wed Jan 08 17:22:33 +0000 2025","0","Patrick Kluivert : Kita main dengan skema 2 scatter eh striker maksudnya hehehe ","1877043224063234499","","","in","Sleman, Indonesia","0","0","0","https://x.com/yogaperdana_id/status/1877043224063234499","546435342","yogaperdana_id"
"1876961789381951778","Wed Jan 08 17:19:37 +0000 2025","0","@jebreeetmedia @OkiRengga33 jawabannya dari pertanyaan bang oki adalah yg mau dan yg kosong cuma patrick kluivert bang ki","1877042487732150335","","jebreeetmedia","in","","0","0","0","https://x.com/blueberyfaygo/status/1877042487732150335","1207485031645495298","blueberyfaygo"
"1876914427531808903","Wed Jan 08 17:19:28 +0000 2025","0","@PSSI @TimnasIndonesia Peringatan keras buat Patrick Kluivert jangan sekali2 membawa Timnas ke arah Perjudian...kami siap menggalang persatuan sesama pecinta Timnas buat menggebuk ramai2...","1877042449874395374","","PSSI","in","Malang","0","0","0","https://x.com/KangMas2012/status/1877042449874395374","710064727","KangMas2012"
"1877041942631952555","Wed Jan 08 17:17:27 +0000 2025","0","Teruntuk seluruh rakyat Indonesia ðŸ‡®ðŸ‡© mari kita dukung Patrick Kluivert pelatih Timnas Indonesia ðŸ‡®ðŸ‡© yang baru ðŸ†• #PSSI","1877041942631952555","","","in","","0","0","0","https://x.com/rizky_maul_ana7/status/1877041942631952555","1753797893272805376","rizky_maul_ana7"
"1877041896544965111","Wed Jan 08 17:17:16 +0000 2025","0","Bayangin abis match indonesia supporter neriakin nama patrick kluivert ape gak belibet tuh mulut neriakine","1877041896544965111","","","in","","0","0","0","https://x.com/mnjkrs/status/1877041896544965111","1510326219186737155","mnjkrs"
"1877041733621432732","Wed Jan 08 17:16:37 +0000 2025","0","Jadi kasian gw ama patrick kluivert","1877041733621432732","","","in","","0","0","0","https://x.com/arystyy/status/1877041733621432732","865597743430983681","arystyy"
"1877041465517277505","Wed Jan 08 17:15:33 +0000 2025","1","Asumsi liar gue: - Clue dr Pak ET Presscon Head Coach tgl 12 Jan - Patrick Kluivert dikeluarin skrg buat ngegocek audience - Kluivert akan pegang U-23 - Plot Twist tgl 12 nanti Van Gaal yg pegang Timnas Senior Mark my words! Mudah2an bener. @idextratime","1877041465517277505","","","in","around you!","0","1","0","https://x.com/irwanaditya/status/1877041465517277505","57952599","irwanaditya"
"1877040864691732785","Wed Jan 08 17:13:10 +0000 2025","0","Mau tidak mau kita harus mendukung Patrick Kluivert agar dapat memberikan kinerja yang optimal dan dampak positif bagi Timnas Indonesia ðŸ‡®ðŸ‡© Semoga berhasil Patrick Kluivert #PSSI","1877040864691732785","","","in","","0","0","0","https://x.com/rizky_maul_ana7/status/1877040864691732785","1753797893272805376","rizky_maul_ana7"
"1876909567147221475","Wed Jan 08 17:07:41 +0000 2025","0","@detikcom Apapun alasan anda tdk tepat klu penggantinya patrick kluivert kecuali pengganti lebih berpengalaman","1877039485851943282","","detikcom","in","","0","0","0","https://x.com/Warnilisssn/status/1877039485851943282","1603633516197031939","Warnilisssn"
"1876909352575004683","Wed Jan 08 17:06:18 +0000 2025","0","@PSSI Selamat Datang coach Patrick Kluivert semoga sukses bersama Timnas kami. Konyol dikit jari nitijen Indonesia kejam bro.. ","1877039134667092099","","PSSI","in","","0","0","0","https://x.com/ArifudinJang/status/1877039134667092099","1341592126501527553","ArifudinJang"
"1876985960648302957","Wed Jan 08 17:05:24 +0000 2025","9","@FabrizioRomano @PatrickKluivert Orang yang ngetawain &amp; ngejokes tentang Patrick Kluivert mungkin dia belum ketemu langsung. Sebaik dan sehumble itu dia sama orang baru salah satunya gw. Gw yg awalnya ga kenal sekarang malah jadi temen. Semua yang udah ketemu dia juga pasti setuju sama pendapat gw","1877038910053794154","","FabrizioRomano","in","","1","8","0","https://x.com/MuhamadSubki15/status/1877038910053794154","1350706038354309121","MuhamadSubki15"
"1877008718292029841","Wed Jan 08 17:03:00 +0000 2025","0","@SiaranBolaLive semua jUga sedih sty out &amp; semua juga ragu sama patrick kluivert tpi bukan berarti mlh memperkeruh suasana sampe mikir hal negatif yg gak perlu mau gimanapun dia udh jdi pelatih timnas jgn sampe dia gagal karna frustasi tekanan dari fans udahlah tinggal dukung aja.","1877038307185467665","","sansgasi","in","","0","1","0","https://x.com/sansgasi/status/1877038307185467665","1447134388848775169","sansgasi"
"1877038298868162684","Wed Jan 08 17:02:58 +0000 2025","2","Timnas Indonesia jadi tim kelima yang ditangani Patrick Kluivert. Bagaimana statistik Kluivert di empat tim sebelumnya? https://t.co/5OrksnTlzp","1877038298868162684","","","in","Jakarta","0","2","0","https://x.com/detiksport/status/1877038298868162684","135783107","detiksport"
"1877038022455161081","Wed Jan 08 17:01:52 +0000 2025","1","Patrick Kluivert mengaku mengenal Ketua Umum PSSI Erick Thohir sejak satu tahun lalu di Qatar. Begini kata Kluivert! https://t.co/Mwj5QT5mun","1877038022455161081","","","in","Jakarta","0","1","0","https://x.com/detiksport/status/1877038022455161081","135783107","detiksport"
"1877038010409046486","Wed Jan 08 17:01:50 +0000 2025","0","Pertemuan dengan Patrick Kluivert ternyata sudah dimulai sejak Piala Asia 2024 Qatar. Kluivert ditemani manajernya Soufian Asafiati berkesempatan berbicara dengan Erick Thohir Ketua PSSI setelah menyaksikan pertandingan Indonesia. Mike Verweij (De Telegraaf) https://t.co/YI4ceGE4MO","1877038010409046486","https://pbs.twimg.com/media/GgyUH14aMAIH1iA.jpg","","in","Cisauk","2","0","0","https://x.com/bugfc_official/status/1877038010409046486","1538233228859146241","bugfc_official"
"1877038007376625672","Wed Jan 08 17:01:49 +0000 2025","14","Patrick Kluivert tahu betul bahwa Timnas Indonesia punya potensi ke Piala Dunia 2026. Dia mau memastikan hal tersebut bisa terwujud. https://t.co/coNTxaOf6i","1877038007376625672","","","in","Jakarta","0","1","1","https://x.com/detiksport/status/1877038007376625672","135783107","detiksport"
"1877037603905564775","Wed Jan 08 17:00:13 +0000 2025","0","Patrick Kluivert Ungkap Alasan Jadikan Alex Pastoor dan Denny Landzaat Sebagai Asisten Tangani Timnas Indonesia https://t.co/HH3w2rW9WI","1877037603905564775","","","in","Jakarta","0","0","0","https://x.com/Beritasatu/status/1877037603905564775","154102750","Beritasatu"
"1877036833395052554","Wed Jan 08 16:57:09 +0000 2025","1","Pelatih baru Timnas Indonesia Patrick Kluivert mengutarakan bahwa menjadi bagian dari Merah Putih adalah sebuah privilese dan tanggung jawab luar biasa. &lt; #PatrickKluivert #TimnasIndonesia https://t.co/eX9AgjlTir","1877036833395052554","","","in","Jakarta","1","0","1","https://x.com/kompascom/status/1877036833395052554","23343960","kompascom"
"1877036456469733713","Wed Jan 08 16:55:39 +0000 2025","2","Wakil Ketua Komisi X DPR Lalu Hadrian Irfani berharap pelatih baru Timnas Indonesia Patrick Kluivert dapat melanjutkan fondasi yang telah dibangun pelatih timnas sebelumnya Shin Tae-yong (STY). &lt; #PatrickKluivert #TimnasIndonesia https://t.co/BODoBCvBB2","1877036456469733713","","","in","Jakarta","0","0","0","https://x.com/kompascom/status/1877036456469733713","23343960","kompascom"
"1876894509461594400","Wed Jan 08 16:55:04 +0000 2025","0","@mnaufalrh @selalusenin wow wow tahu darimana Patrick Kluivert acuh sama keluarganya? Kemakan opini Pandji kah?","1877036307504845134","","mnaufalrh","in","","0","1","0","https://x.com/whendarkness_/status/1877036307504845134","1455248025492725766","whendarkness_"
"1877036192752881818","Wed Jan 08 16:54:36 +0000 2025","0","PSSI sadar tentang risiko finansial atau hujatan akibat memecat pelatih Shin Tae-yong. Timnas Indonesia kini membuka lembar baru bersama Patrick Kluivert. &lt; #PatrickKluivert #TimnasIndonesia https://t.co/icjaBqXNSG","1877036192752881818","","","in","Jakarta","0","0","1","https://x.com/kompascom/status/1877036192752881818","23343960","kompascom"
"1877035946358562985","Wed Jan 08 16:53:37 +0000 2025","0","PSSI resmi menunjuk Patrick Kluivert menjadi pelatih timnas Indonesia untuk menggantikan Shin Tae-yong (STY) Rabu (8/1/2025). &lt; #PatrickKluivert #TimnasIndonesia https://t.co/6MAQ4RMb3G","1877035946358562985","","","in","Jakarta","0","1","0","https://x.com/kompascom/status/1877035946358562985","23343960","kompascom"
"1877008718292029841","Wed Jan 08 16:52:15 +0000 2025","6","@SiaranBolaLive suudzon bgt ini akun bola terlalu berlebihan takutnya mlh menimbulkan kebencian. kecurigaanmu ngga bakal bikin sty itu balik lagi percuma paham ngga sih. lagian patrick kluivert itukan emg legend jadi ya wajar aja dihormati wartawan bola.","1877035599837712647","","SiaranBolaLive","in","","0","2","0","https://x.com/sansgasi/status/1877035599837712647","1447134388848775169","sansgasi"
"1877035493004570631","Wed Jan 08 16:51:49 +0000 2025","1","Klo dimisalkan sbuah keluarga timnas adlah Ibunya supporter timnas ini anak2ny nah Patrick Kluivert ini jd kyk bapak tiri sdangkan STY tentu sj adlh si bapak kandung. Karna Ibu sama Bapak sdh cerai si anak2 hrs bisa nerima khadiran si bapak tiri ini. Suka atau tidak suka.","1877035493004570631","","","in","East Java, Indonesia","1","0","0","https://x.com/free_deny/status/1877035493004570631","228356586","free_deny"
"1877034729993638251","Wed Jan 08 16:48:47 +0000 2025","0","Ketika yg jadi highlight adalah karirnya ketika menjadi pemain bukan karirnya sebagai pelatih. Selamat datang Patrick Kluivert! Cuan cuan lah para elit itu ","1877034729993638251","","","in","Indonesia","0","0","0","https://x.com/ocehan_fajar/status/1877034729993638251","1783446700683878400","ocehan_fajar"
"1877034539903758526","Wed Jan 08 16:48:02 +0000 2025","0","PSSI melalui Instagram dan websitenya telah mengumumkan pelatih baru Timnas Indonesia pada Rabu (8/1/2025) siang tadi. Sosok baru ini adalah Patrick Kluivert menggantikan coach Shin Tae-yong yang sudah resmi diberhentikan dari jabatannya pada Senin (6/1/2025) kemarin. PSSI https://t.co/hPCXWZ1kAs","1877034539903758526","https://pbs.twimg.com/media/GgyQ901aMAA5PUR.jpg","","in","Tangerang, Banten","0","1","0","https://x.com/AboutTNG/status/1877034539903758526","2818687488","AboutTNG"
"1877034403395674570","Wed Jan 08 16:47:30 +0000 2025","101","Patrick Kluivert bakal bisa begini gak sama anak asuhnya? https://t.co/YuQS7f2EHV","1877034403395674570","https://pbs.twimg.com/ext_tw_video_thumb/1877034226383728640/pu/img/VnVHP4SvWFQPGuPr.jpg","","in","Indonesia","2","3","10","https://x.com/PantauManCity/status/1877034403395674570","530972214","PantauManCity"
"1876971626140422573","Wed Jan 08 16:45:57 +0000 2025","0","@idextratime @lequipe Wah bahaya nih lawannya Patrick Kluivert","1877034017112871118","","idextratime","in","","0","0","0","https://x.com/hijabilov/status/1877034017112871118","1637495901261553666","hijabilov"
"1877033574932619319","Wed Jan 08 16:44:12 +0000 2025","0","Patrick Kluivert has my support from now on. Kalo sampe gagal gaakan salahin beliau dan jajaran apalagi pemain tp salah federasi ET &amp; Exco nya","1877033574932619319","","","in","","0","0","0","https://x.com/Robyazidni/status/1877033574932619319","169447965","Robyazidni"
"1877032926304498118","Wed Jan 08 16:41:37 +0000 2025","8","wajar ini mah mees besar di belanda. yakali gak suka patrick kluivert yg notabenenya pemain legend belands adaÂ² aje nih fans timnas wkwk","1877032926304498118","","","in","","0","0","0","https://x.com/udahpipis/status/1877032926304498118","985011008249905152","udahpipis"
"1877028194991190085","Wed Jan 08 16:40:44 +0000 2025","13","@GIBOLofficial Enggak ada yg perlu di heranin Patrick Kluivert ini pemain top terutama di Belanda jadi wajar kalo perjalanan karier nya akan banyak media yg menyoroti bahkan di Belanda sendiri udah jadi headline khusus. Jadi lu sebagai admin jgn terlalu norak dan tolol!","1877032701200392400","","GIBOLofficial","in","Medan Kota, Indonesia","0","2","0","https://x.com/shadowculer/status/1877032701200392400","1459180406629036033","shadowculer"
"1877032442361454854","Wed Jan 08 16:39:42 +0000 2025","0","Perkenalan tanpa pandang rekam jejak. Patrick Kluivert mengaku mengenal Ketua Umum PSSI Erick Thohir sejak satu tahun lalu di Qatar. Begini kata Kluivert! #KluivertOut https://t.co/ZfbLRjqCHO","1877032442361454854","","","in","Mataram Raya, NTB","0","0","0","https://x.com/arminsunardi/status/1877032442361454854","852219145701793853","arminsunardi"
